classifier,gender,silhouette,calinski,davies,num_clusters
rf_all,female,0.15621444586602762,482.51424297355874,1.982345623665952,23
rf_all,male,0.016278903851442476,108.079591449774,1.3509861649248736,283
gb_all,female,0.2394501581274703,537.2598162493473,1.5413310118497263,17
gb_all,male,0.16064642692443667,680.0537107515505,2.6237942290973697,48
