classifier,gender,silhouette,calinski,davies,num_clusters
rf_mit_in,female,0.19679872664749584,582.2771455192376,1.7806208041748537,27
rf_mit_in,male,0.17698743208544504,783.6662933256216,1.981075291632643,23
gb_mit_in,female,0.15673759356755895,268.8680055804231,1.8926438480981587,35
gb_mit_in,male,0.2674029453215569,558.501779187214,1.7171137064595612,15
