classifier,gender,silhouette,calinski,davies,num_clusters
rf_mit_post,female,0.1556429968903785,1183.7482782437369,3.293820183170788,28
rf_mit_post,male,0.19340254879388238,297.7873409508095,1.955781668317717,53
gb_mit_post,female,0.17454166203989252,254.11513545153852,0.8174623388075097,165
gb_mit_post,male,0.08705969716236081,295.9943122504068,2.64966759395293,43
