classifier,gender,silhouette,calinski,davies,num_clusters
rf_fem,female,0.19751242257076496,477.4040766511821,1.7272938871422105,21
gb_fem,female,0.21170605480813307,604.4575420250802,1.758040771185354,16
rf_male,male,0.1506368473450069,545.9807638177699,2.9952274848849623,51
gb_male,male,0.08557690238927174,211.67018488038698,2.0498212224856416,136
