classifier,gender,silhouette,calinski,davies,num_clusters
rf_nogender,female,0.13119867795089074,516.8752635548979,2.133964682748129,39
rf_nogender,male,0.31869592580686634,1144.9990580139436,1.5527787767723307,12
gb_nogender,female,0.1611781305404899,644.2234755561336,1.9216769495823034,21
gb_nogender,male,0.4174888621761354,964.9897531398091,1.1606832586201294,9
