classifier,gender,silhouette,calinski,davies,num_clusters
rf_fem,female,0.19337711763659055,763.0125245620698,1.8015737441193749,27
gb_fem,female,0.19118220632462218,759.2128870371337,1.8228450493390471,27
rf_male,male,0.17570740792554643,620.0983120347394,2.123545462737483,45
gb_male,male,0.11586802096708235,401.57061139562273,2.1401103755944826,69
