classifier,gender,silhouette,calinski,davies,num_clusters
rf_nogender,female,0.14226699251190478,404.05485645493366,1.8906723496859927,41
rf_nogender,male,0.0867375219254966,296.6214814704347,1.868516289308266,159
gb_nogender,female,0.208726671102992,785.3231177597362,1.7918812319806494,23
gb_nogender,male,0.1590605946009398,316.18437904926566,1.6373084281436285,185
