classifier,gender,silhouette,calinski,davies,num_clusters
rf_mit_in,female,0.091436542691507,265.1595595835319,1.728184260252304,71
rf_mit_in,male,0.08012076619851587,135.38833182783895,1.360387447444783,397
gb_mit_in,female,0.16326410122658985,375.5234027127872,1.7903740312538565,58
gb_mit_in,male,0.15180822205252612,415.65462472911173,44973.03711260494,122
