classifier,gender,silhouette,calinski,davies,num_clusters
rf_mit_post,female,0.1349323183965535,301.43117388854756,1.7427472251038867,65
rf_mit_post,male,0.12928692745492626,100.58031640002639,0.8701276605953447,476
gb_mit_post,female,0.1913728818482875,820.3510721879828,1.8982987245857468,22
gb_mit_post,male,0.18052141843065142,117.63909574219227,0.7622601692601763,339
