classifier,gender,silhouette,calinski,davies,num_clusters
rf_all,female,0.11083551885170967,258.35012539402004,1.790040487078341,80
rf_all,male,0.07505227378283717,136.03978697016805,1.010629020238067,253
gb_all,female,0.14592691985249645,470.2410699019983,2.0303204941544304,44
gb_all,male,0.17574553582897043,669.2251092927762,2.2373296411865984,40
