classifier,gender,silhouette,calinski,davies,num_clusters
rf_nogender,female,0.40306885551400207,35.18528611957906,0.7689896314909535,5
rf_nogender,male,0.2660009795540609,73.72880959888603,0.9591870032234471,7
gb_nogender,female,,,,2
gb_nogender,male,0.5351341532395327,28.572435610879964,0.6319123378266572,3
