classifier,gender,silhouette,calinski,davies,num_clusters
rf_all,female,0.4669111100439483,22.539906103286384,0.6055564363832895,4
rf_all,male,0.2744995430094317,78.65234726089075,0.9252007530814274,7
gb_all,female,0.5223689948616856,28.47126436781609,0.10820217622882645,2
gb_all,male,0.469974236953453,20.261901447661465,0.6002636075274728,3
