classifier,gender,silhouette,calinski,davies,num_clusters
rf_nogender,female,0.2390073811732761,150.39555450980464,1.1476856459596088,18
rf_nogender,male,0.22140705101826955,300.6409946818315,1.1798906583495339,26
gb_nogender,female,0.23601445806255844,143.9103252178549,1.0856374500322281,18
gb_nogender,male,0.2280492686409363,298.8946337028882,1.1533964885516517,26
