classifier,gender,silhouette,calinski,davies,num_clusters
rf_mit_in,female,0.23118465022058093,151.86706787614756,1.0967849594827903,19
rf_mit_in,male,0.23526685852376966,310.4736813769055,1.1561565613443072,24
gb_mit_in,female,0.23766519390342658,144.40426811461666,1.0812946235498548,18
gb_mit_in,male,0.22380466314935915,302.1095067983585,1.1658491544476144,25
