classifier,gender,silhouette,calinski,davies,num_clusters
rf_mit_post,female,0.30715980617221444,68.33862129819305,1.1248182908216042,6
rf_mit_post,male,0.2509131273915163,204.12361235804684,1.13044003008108,12
gb_mit_post,female,0.21749424239024548,239.4829994301613,1.1119084231161576,23
gb_mit_post,male,0.18301974134949878,567.4700871086429,1.2537639435953025,37
