classifier,gender,silhouette,calinski,davies,num_clusters
rf_fem,female,0.2481191217575242,138.06680488149303,1.0449199548414443,20
gb_fem,female,0.24623413247540873,132.5903063644108,1.012179401556781,19
rf_male,male,0.22705281244770867,315.7313317697201,1.1783820224077137,27
gb_male,male,0.20583836379508766,317.3895197193727,1.2081967087774077,23
