classifier,gender,silhouette,calinski,davies,num_clusters
rf_mit_in,female,0.3666837680702963,20.03833342380442,0.6645580744136406,5
rf_mit_in,male,0.33118380955068283,72.70746109401566,0.8662846020686702,7
gb_mit_in,female,0.5223689948616856,28.47126436781609,0.10820217622882645,2
gb_mit_in,male,0.469974236953453,20.261901447661465,0.6002636075274728,3
