classifier,gender,silhouette,calinski,davies,num_clusters
rf_fem,female,0.5456875429996955,28.02180002435757,0.5043583058023698,4
gb_fem,female,0.40825551886042255,21.04516129032258,0.1689572045668367,3
rf_male,male,0.32660304084574,64.89648472693705,0.9631844343836219,5
gb_male,male,0.46801318856240925,30.900560296083064,0.6545727610461242,3
