classifier,gender,silhouette,calinski,davies,num_clusters
rf_mit_post,female,0.2552833678887343,147.48413218199073,1.0419667175953702,17
rf_mit_post,male,0.22846667596740813,296.1345470175855,1.2037468015104194,23
gb_mit_post,female,0.23626867691756512,96.94598280295554,1.1101041230455564,13
gb_mit_post,male,0.23019502331497685,224.4526904280679,1.1604900672542642,17
