classifier,gender,silhouette,calinski,davies,num_clusters
rf_all,female,0.24822638356137805,155.52641679849273,1.0650051450385054,19
rf_all,male,0.23723961386319622,315.03316406972164,1.1396061038695111,24
gb_all,female,0.23766519390342658,144.40426811461666,1.0812946235498548,18
gb_all,male,0.22380466314935915,302.1095067983585,1.1658491544476144,25
