classifier,gender,silhouette,calinski,davies,num_clusters
rf_all,female,0.3151505097879771,241.80986614200367,0.23758986934458048,89
rf_all,male,0.12892463250052622,216.67350782236383,0.14794768528466098,724
gb_all,female,0.5800081881486843,1329.9732097928247,0.47311898140704667,8
gb_all,male,0.1877139426731905,259.79533190062125,0.25082194953553094,520
