classifier,gender,silhouette,calinski,davies,num_clusters
rf_nogender,female,0.5554832415313491,737.4913757176499,0.4542066929055148,9
rf_nogender,male,0.23186071762118754,445.9855285252408,0.24279727743389165,284
gb_nogender,female,0.5646420701982339,413.8172255150986,0.4037868672158265,9
gb_nogender,male,0.2915975235562789,379.1026117914874,0.24483199785125512,150
