classifier,gender,silhouette,calinski,davies,num_clusters
rf_mit_post,female,0.3093620988677408,191.42657960088945,0.22880309354871808,79
rf_mit_post,male,0.2547691948924233,751.8262810805912,0.3638268845730587,208
gb_mit_post,female,0.12304636379633682,102.93085324655279,0.3996201416608306,678
gb_mit_post,male,0.10630055719156675,312.6132763041854,0.10572324102775359,1125
