classifier,gender,silhouette,calinski,davies,num_clusters
rf_mit_in,female,0.3151505097879771,241.80986614200367,0.23758986934458048,89
rf_mit_in,male,0.12892463250052622,216.67350782236383,0.14794768528466098,724
gb_mit_in,female,0.4958681080685561,1204.7146897694852,0.5758720362238824,10
gb_mit_in,male,0.15435622582571584,241.53396512233837,0.1737494949352227,705
