classifier,gender,silhouette,calinski,davies,num_clusters
rf_fem,female,0.5809462180577887,700.803575771986,0.46732575043606644,7
gb_fem,female,0.6052604750247774,406.5680869548784,0.4746779249176732,6
rf_male,male,0.1583243717637614,182.17550492467245,0.14057693372374686,507
gb_male,male,0.24181372025342554,185.1733948037184,0.20626515880734228,272
