classifier,gender,silhouette,calinski,davies,num_clusters
rf_all,female,0.42253991897053234,516.0792643419522,0.4329082082790141,16
rf_all,male,0.39343749489935564,591.2730229810326,0.287107663056214,92
gb_all,female,0.5779342023158245,396.68797953868784,0.43242967552141104,7
gb_all,male,0.23223216869198463,230.9478646661725,0.23553275101856086,215
