classifier,gender,silhouette,calinski,davies,num_clusters
rf_mit_post,female,0.3398859019928885,191.2411957348667,0.46501340744609326,37
rf_mit_post,male,0.09814045083728239,64.57340868840791,0.17688155993929766,681
gb_mit_post,female,0.5750222618235973,487.20656236634727,0.39351184553048024,9
gb_mit_post,male,0.20530637969103382,151.94934500204099,0.12836286191429483,317
