classifier,gender,silhouette,calinski,davies,num_clusters
rf_nogender,female,0.3324667956211421,214.81438930053324,0.26858629712268683,73
rf_nogender,male,0.11641782859200293,252.21165483680397,0.1909298315340676,693
gb_nogender,female,0.5844928302486347,1338.2090610226965,0.46268696150114674,8
gb_nogender,male,0.10133919593781035,249.62978619437786,0.14849969177231312,836
