classifier,gender,silhouette,calinski,davies,num_clusters
rf_mit_in,female,0.42253991897053234,516.0792643419522,0.4329082082790141,16
rf_mit_in,male,0.39343749489935564,591.2730229810326,0.287107663056214,92
gb_mit_in,female,0.507795614167715,612.2574048963705,0.4417174458589884,9
gb_mit_in,male,0.22741256986703431,244.01298672397874,0.2129435950509313,192
