classifier,gender,silhouette,calinski,davies,num_clusters
rf_fem,female,0.31710155615373553,218.50384183963243,0.19820532207561872,100
gb_fem,female,0.5847010499553079,962.0456334982634,0.4200759207609426,8
rf_male,male,0.07400302196568025,83.78435247623005,0.07871798028038061,902
gb_male,male,0.05732529971567772,226.02181459754823,0.08889268341705996,956
